decision,topsis_score,confidence,cost_savings,time_savings,contractor_name,contractor_specialization
LOCAL,0.0,0.8,0.0,0.0,,
LOCAL,0.0,1.0,0.0,0.0,,
LOCAL,0.0,1.0,0.0,0.0,,
LOCAL,0.0,1.0,0.0,0.0,,
LOCAL,0.0,1.0,0.0,0.0,,
LOCAL,0.0,0.8,0.0,0.0,,
LOCAL,0.0,1.0,0.0,0.0,,
LOCAL,0.0,1.0,0.0,0.0,,
LOCAL,0.0,1.0,0.0,0.0,,
LOCAL,0.0,1.0,0.0,0.0,,
LOCAL,0.0,0.8,0.0,0.0,,
LOCAL,0.0,0.8,0.0,0.0,,
LOCAL,0.0,1.0,0.0,0.0,,
LOCAL,0.0,1.0,0.0,0.0,,
LOCAL,0.0,0.8,0.0,0.0,,
LOCAL,0.0,1.0,0.0,0.0,,
LOCAL,0.0,1.0,0.0,0.0,,
LOCAL,0.0,1.0,0.0,0.0,,
LOCAL,0.0,1.0,0.0,0.0,,
LOCAL,0.0,1.0,0.0,0.0,,
LOCAL,0.0,0.8,0.0,0.0,,
LOCAL,0.0,1.0,0.0,0.0,,
LOCAL,0.0,1.0,0.0,0.0,,
LOCAL,0.0,1.0,0.0,0.0,,
LOCAL,0.0,0.8,0.0,0.0,,
LOCAL,0.0,1.0,0.0,0.0,,
LOCAL,0.0,1.0,0.0,0.0,,
LOCAL,0.0,0.8,0.0,0.0,,
LOCAL,0.0,0.8,0.0,0.0,,
LOCAL,0.0,0.8,0.0,0.0,,
LOCAL,0.0,1.0,0.0,0.0,,
OUTSOURCE,1.0,1.0,164.42340244575917,82.74238656152713,Premium GPU Specialist_004,gpu_specialist
LOCAL,0.0,1.0,0.0,0.0,,
LOCAL,0.0,1.0,0.0,0.0,,
LOCAL,0.0,1.0,0.0,0.0,,
LOCAL,0.0,1.0,0.0,0.0,,
OUTSOURCE,1.0,0.8925523208413788,352.44578815014955,176.58200488509175,Premium GPU Specialist_004,gpu_specialist
LOCAL,0.0,1.0,0.0,0.0,,
LOCAL,0.0,1.0,0.0,0.0,,
LOCAL,0.0,1.0,0.0,0.0,,
OUTSOURCE,1.0,0.8113989120647223,192.886801328621,197.26613098166132,Premium GPU Specialist_004,gpu_specialist
LOCAL,0.0,1.0,0.0,0.0,,
LOCAL,0.0,1.0,0.0,0.0,,
LOCAL,0.0,0.7491048343227424,0.0,0.0,,
LOCAL,0.0,0.7755005567935636,0.0,0.0,,
LOCAL,0.0,0.7975720704382256,0.0,0.0,,
OUTSOURCE,1.0,0.81625,219.6311829362268,242.83170203656425,Premium GPU Specialist_004,gpu_specialist
LOCAL,0.0,1.0,0.0,0.0,,
LOCAL,0.0,1.0,0.0,0.0,,
LOCAL,0.0,0.7762965529076646,0.0,0.0,,
LOCAL,0.0,1.0,0.0,0.0,,
LOCAL,0.0,1.0,0.0,0.0,,
LOCAL,0.0,1.0,0.0,0.0,,
LOCAL,0.0,1.0,0.0,0.0,,
LOCAL,0.0,1.0,0.0,0.0,,
LOCAL,0.0,0.7946771420554618,0.0,0.0,,
OUTSOURCE,0.8326253034053807,0.8106716469952417,230.66721424351164,146.18238160568308,Premium GPU Specialist_005,gpu_specialist
LOCAL,0.0,0.7808653382050206,0.0,0.0,,
LOCAL,0.0,1.0,0.0,0.0,,
LOCAL,0.0,1.0,0.0,0.0,,
LOCAL,0.0,1.0,0.0,0.0,,
LOCAL,0.0,0.7963299691130737,0.0,0.0,,
LOCAL,0.0,1.0,0.0,0.0,,
OUTSOURCE,0.832878659330997,0.8100575436104562,-10.88485804589703,141.1826082389166,Premium GPU Specialist_005,gpu_specialist
LOCAL,0.0,1.0,0.0,0.0,,
LOCAL,0.0,0.7867713470164175,0.0,0.0,,
LOCAL,0.0,0.7999583376727071,0.0,0.0,,
OUTSOURCE,0.8331000749266255,0.81184,46.357485589287904,88.60878630877205,Premium GPU Specialist_005,gpu_specialist
LOCAL,0.0,1.0,0.0,0.0,,
LOCAL,0.0,1.0,0.0,0.0,,
LOCAL,0.0,0.7930220481464704,0.0,0.0,,
LOCAL,0.0,1.0,0.0,0.0,,
LOCAL,0.0,1.0,0.0,0.0,,
LOCAL,0.0,1.0,0.0,0.0,,
OUTSOURCE,0.8328699804467177,0.8044136865856379,439.2202696087405,198.75942574611068,Premium GPU Specialist_005,gpu_specialist
LOCAL,0.0,0.7883398951148328,0.0,0.0,,
LOCAL,0.0,1.0,0.0,0.0,,
LOCAL,0.0,1.0,0.0,0.0,,
LOCAL,0.0,1.0,0.0,0.0,,
LOCAL,0.0,1.0,0.0,0.0,,
LOCAL,0.0,0.7991929032678501,0.0,0.0,,
LOCAL,0.0,1.0,0.0,0.0,,
OUTSOURCE,0.8336413024784652,0.8091491177404222,208.412262132948,101.91293995722984,Premium GPU Specialist_005,gpu_specialist
LOCAL,0.0,0.7955975788546896,0.0,0.0,,
LOCAL,0.0,1.0,0.0,0.0,,
LOCAL,0.0,1.0,0.0,0.0,,
OUTSOURCE,0.832648387666046,0.8051036934354578,273.63913297775815,183.84968851856726,Premium GPU Specialist_005,gpu_specialist
LOCAL,0.0,1.0,0.0,0.0,,
LOCAL,0.0,1.0,0.0,0.0,,
LOCAL,0.0,1.0,0.0,0.0,,
LOCAL,0.0,1.0,0.0,0.0,,
LOCAL,0.0,0.793216845046565,0.0,0.0,,
LOCAL,0.0,1.0,0.0,0.0,,
LOCAL,0.0,1.0,0.0,0.0,,
OUTSOURCE,0.8228492152009357,0.8022722194827545,267.4152638897188,169.82408904279347,Premium GPU Specialist_004,gpu_specialist
LOCAL,0.0,0.7917539916348935,0.0,0.0,,
OUTSOURCE,0.7590808350387769,0.8003703703703704,326.50127407201103,157.58445388938446,Premium GPU Specialist_010,gpu_specialist
LOCAL,0.0,1.0,0.0,0.0,,
LOCAL,0.0,1.0,0.0,0.0,,
LOCAL,0.0,1.0,0.0,0.0,,
LOCAL,0.0,1.0,0.0,0.0,,
LOCAL,0.0,1.0,0.0,0.0,,
LOCAL,0.0,1.0,0.0,0.0,,
LOCAL,0.0,0.7909911253285403,0.0,0.0,,
LOCAL,0.0,1.0,0.0,0.0,,
LOCAL,0.0,0.7991869565791824,0.0,0.0,,
LOCAL,0.0,1.0,0.0,0.0,,
LOCAL,0.0,1.0,0.0,0.0,,
OUTSOURCE,0.758187969235191,0.8068608114104795,480.8743582278441,239.06128389977366,Premium GPU Specialist_010,gpu_specialist
LOCAL,0.0,0.7985629130472742,0.0,0.0,,
OUTSOURCE,0.7594187373630171,0.8058874413208935,10.24276048224791,116.04554074038884,Premium GPU Specialist_010,gpu_specialist
LOCAL,0.0,0.7983769560495333,0.0,0.0,,
OUTSOURCE,0.7578131777323014,0.8053692665150385,3.7629255275174955,88.96961815836796,Premium GPU Specialist_010,gpu_specialist
LOCAL,0.0,1.0,0.0,0.0,,
LOCAL,0.0,1.0,0.0,0.0,,
LOCAL,0.0,1.0,0.0,0.0,,
LOCAL,0.0,1.0,0.0,0.0,,
LOCAL,0.0,1.0,0.0,0.0,,
LOCAL,0.0,1.0,0.0,0.0,,
LOCAL,0.0,1.0,0.0,0.0,,
LOCAL,0.0,1.0,0.0,0.0,,
LOCAL,0.0,0.7985356015775853,0.0,0.0,,
LOCAL,0.0,1.0,0.0,0.0,,
OUTSOURCE,0.7536683637569136,0.8052136339600183,196.87617151273503,154.9194792674287,Premium GPU Specialist_018,gpu_specialist
LOCAL,0.0,1.0,0.0,0.0,,
LOCAL,0.0,1.0,0.0,0.0,,
LOCAL,0.0,1.0,0.0,0.0,,
LOCAL,0.0,0.7989660980427142,0.0,0.0,,
LOCAL,0.0,1.0,0.0,0.0,,
LOCAL,0.0,1.0,0.0,0.0,,
OUTSOURCE,0.6731166942594703,0.8053478241117458,261.13692204077006,158.56017801685795,Premium GPU Specialist_002,gpu_specialist
LOCAL,0.0,1.0,0.0,0.0,,
LOCAL,0.0,1.0,0.0,0.0,,
OUTSOURCE,0.67515688858179,0.8113989120647223,444.0225122826564,224.52491162050697,Premium GPU Specialist_002,gpu_specialist
LOCAL,0.0,1.0,0.0,0.0,,
OUTSOURCE,0.6779564576350682,0.8171428571428572,90.54831001681328,142.81587838936474,Premium GPU Specialist_002,gpu_specialist
OUTSOURCE,0.6772649771190934,0.8226010507359189,48.267580409356015,149.5758342554409,Premium GPU Specialist_002,gpu_specialist
LOCAL,0.0,1.0,0.0,0.0,,
OUTSOURCE,0.6791813331301088,0.8226010507359189,-19.705034635846808,131.57596259593686,Premium GPU Specialist_002,gpu_specialist
LOCAL,0.0,1.0,0.0,0.0,,
LOCAL,0.0,1.0,0.0,0.0,,
OUTSOURCE,0.9391438138675916,0.8226010507359189,71.914949545343,75.13185883973152,Premium GPU Specialist_018,gpu_specialist
LOCAL,0.0,1.0,0.0,0.0,,
LOCAL,0.0,1.0,0.0,0.0,,
OUTSOURCE,0.7642401179557144,0.8115136164069139,48.35167135445939,146.7832719374406,Premium GPU Specialist_010,gpu_specialist
OUTSOURCE,0.7641375385407704,0.8004261820779088,50.32403952673222,143.93160812084628,Premium GPU Specialist_010,gpu_specialist
LOCAL,0.0,1.0,0.0,0.0,,
LOCAL,0.0,0.7893387477489038,0.0,0.0,,
LOCAL,0.0,1.0,0.0,0.0,,
LOCAL,0.0,1.0,0.0,0.0,,
LOCAL,0.0,0.7893387477489038,0.0,0.0,,
LOCAL,0.0,0.7893387477489038,0.0,0.0,,
LOCAL,0.0,1.0,0.0,0.0,,
LOCAL,0.0,1.0,0.0,0.0,,
LOCAL,0.0,1.0,0.0,0.0,,
LOCAL,0.0,1.0,0.0,0.0,,
LOCAL,0.0,1.0,0.0,0.0,,
LOCAL,0.0,1.0,0.0,0.0,,
LOCAL,0.0,0.7893387477489038,0.0,0.0,,
LOCAL,0.0,1.0,0.0,0.0,,
LOCAL,0.0,0.7893387477489038,0.0,0.0,,
LOCAL,0.0,0.7893387477489038,0.0,0.0,,
LOCAL,0.0,1.0,0.0,0.0,,
OUTSOURCE,0.8429976804284558,0.8004261820779088,67.00236778592823,68.0255499227003,Premium GPU Specialist_004,gpu_specialist
OUTSOURCE,0.8429976804284589,0.8004261820779088,255.4509805355936,143.05829400885895,Premium GPU Specialist_004,gpu_specialist
OUTSOURCE,0.8369233744608785,0.8004261820779088,435.33441946838434,242.34766255841913,Premium GPU Specialist_005,gpu_specialist
LOCAL,0.0,1.0,0.0,0.0,,
LOCAL,0.0,0.7893387477489038,0.0,0.0,,
LOCAL,0.0,0.7893387477489038,0.0,0.0,,
LOCAL,0.0,1.0,0.0,0.0,,
LOCAL,0.0,1.0,0.0,0.0,,
LOCAL,0.0,1.0,0.0,0.0,,
LOCAL,0.0,0.7893387477489038,0.0,0.0,,
LOCAL,0.0,1.0,0.0,0.0,,
LOCAL,0.0,1.0,0.0,0.0,,
LOCAL,0.0,1.0,0.0,0.0,,
OUTSOURCE,0.8691256959768808,0.8004261820779088,7.760746024400493,63.14688325120478,Premium GPU Specialist_018,gpu_specialist
LOCAL,0.0,1.0,0.0,0.0,,
LOCAL,0.0,0.7893387477489038,0.0,0.0,,
LOCAL,0.0,0.7893387477489038,0.0,0.0,,
OUTSOURCE,0.6780641572229041,0.8004261820779088,44.91605941634796,200.4140947710647,Premium GPU Specialist_001,gpu_specialist
LOCAL,0.0,1.0,0.0,0.0,,
LOCAL,0.0,1.0,0.0,0.0,,
LOCAL,0.0,1.0,0.0,0.0,,
LOCAL,0.0,1.0,0.0,0.0,,
LOCAL,0.0,1.0,0.0,0.0,,
OUTSOURCE,0.678877224555361,0.8004261820779088,67.32708812991216,163.12360891692717,Premium GPU Specialist_001,gpu_specialist
LOCAL,0.0,1.0,0.0,0.0,,
OUTSOURCE,0.678053391568312,0.8004261820779088,176.3143560095132,86.50701694002301,Premium GPU Specialist_001,gpu_specialist
LOCAL,0.0,1.0,0.0,0.0,,
LOCAL,0.0,1.0,0.0,0.0,,
LOCAL,0.0,1.0,0.0,0.0,,
LOCAL,0.0,1.0,0.0,0.0,,
LOCAL,0.0,1.0,0.0,0.0,,
OUTSOURCE,0.678946658648169,0.8115136164069139,28.913325896301544,119.54927742135433,Premium GPU Specialist_001,gpu_specialist
LOCAL,0.0,1.0,0.0,0.0,,
LOCAL,0.0,1.0,0.0,0.0,,
LOCAL,0.0,1.0,0.0,0.0,,
LOCAL,0.0,1.0,0.0,0.0,,
LOCAL,0.0,1.0,0.0,0.0,,
LOCAL,0.0,1.0,0.0,0.0,,
OUTSOURCE,0.6782324370540134,0.8115136164069139,334.4332468200997,168.56233433030388,Premium GPU Specialist_001,gpu_specialist
OUTSOURCE,0.6851241778097287,0.8115136164069139,239.45751624136915,135.84798044855378,Premium GPU Specialist_005,gpu_specialist
LOCAL,0.0,1.0,0.0,0.0,,
LOCAL,0.0,1.0,0.0,0.0,,
LOCAL,0.0,1.0,0.0,0.0,,
LOCAL,0.0,1.0,0.0,0.0,,
OUTSOURCE,0.6852301951101215,0.8226010507359189,43.82464677260602,88.23339010623828,Premium GPU Specialist_005,gpu_specialist
OUTSOURCE,0.6761251624034852,0.8226010507359189,98.98345410579263,90.2974495393892,Premium GPU Specialist_002,gpu_specialist
OUTSOURCE,0.676764588922577,0.833688485064924,328.5846646718021,170.3808041582545,Premium GPU Specialist_002,gpu_specialist
LOCAL,0.0,1.0,0.0,0.0,,
OUTSOURCE,0.6750056421510274,0.833688485064924,334.1925880035755,224.2403842402973,Premium GPU Specialist_002,gpu_specialist
LOCAL,0.0,1.0,0.0,0.0,,
LOCAL,0.0,1.0,0.0,0.0,,
LOCAL,0.0,1.0,0.0,0.0,,
LOCAL,0.0,1.0,0.0,0.0,,
OUTSOURCE,0.8429072302748084,0.833688485064924,283.9327938259174,179.20144638726302,Premium GPU Specialist_018,gpu_specialist
OUTSOURCE,0.8429072302748113,0.833688485064924,-17.337214616838338,95.39828540423264,Premium GPU Specialist_018,gpu_specialist
OUTSOURCE,0.8429072302748084,0.8226010507359189,209.7406559141396,114.43258426413969,Premium GPU Specialist_018,gpu_specialist
OUTSOURCE,0.8429072302748084,0.8226010507359189,391.921075286893,237.26239632697485,Premium GPU Specialist_018,gpu_specialist
LOCAL,0.0,1.0,0.0,0.0,,
OUTSOURCE,0.8429072302748084,0.8115136164069139,29.501593531577882,138.94637824860206,Premium GPU Specialist_018,gpu_specialist
OUTSOURCE,0.8429072302748113,0.8115136164069139,189.41748447941927,186.76981030196828,Premium GPU Specialist_018,gpu_specialist
LOCAL,0.0,1.0,0.0,0.0,,
LOCAL,0.0,1.0,0.0,0.0,,
LOCAL,0.0,1.0,0.0,0.0,,
LOCAL,0.0,1.0,0.0,0.0,,
LOCAL,0.0,1.0,0.0,0.0,,
LOCAL,0.0,1.0,0.0,0.0,,
LOCAL,0.0,1.0,0.0,0.0,,
LOCAL,0.0,1.0,0.0,0.0,,
OUTSOURCE,0.875227451706287,0.8004261820779088,277.41729195854737,188.39930241434098,Premium GPU Specialist_004,gpu_specialist
LOCAL,0.0,1.0,0.0,0.0,,
LOCAL,0.0,1.0,0.0,0.0,,
OUTSOURCE,0.7563879246493239,0.8004261820779088,76.3453463563577,236.65625057302415,Premium GPU Specialist_004,gpu_specialist
LOCAL,0.0,1.0,0.0,0.0,,
LOCAL,0.0,1.0,0.0,0.0,,
LOCAL,0.0,0.7893387477489038,0.0,0.0,,
LOCAL,0.0,1.0,0.0,0.0,,
LOCAL,0.0,1.0,0.0,0.0,,
LOCAL,0.0,1.0,0.0,0.0,,
LOCAL,0.0,1.0,0.0,0.0,,
LOCAL,0.0,1.0,0.0,0.0,,
LOCAL,0.0,0.7893387477489038,0.0,0.0,,
LOCAL,0.0,1.0,0.0,0.0,,
LOCAL,0.0,1.0,0.0,0.0,,
LOCAL,0.0,1.0,0.0,0.0,,
LOCAL,0.0,1.0,0.0,0.0,,
OUTSOURCE,0.7390063677790415,0.8004261820779088,23.40400133733499,229.75180665374484,Premium GPU Specialist_010,gpu_specialist
LOCAL,0.0,0.7893387477489038,0.0,0.0,,
OUTSOURCE,0.7387149657300572,0.8004261820779088,20.736675743456843,85.33974169816722,Premium GPU Specialist_005,gpu_specialist
LOCAL,0.0,1.0,0.0,0.0,,
LOCAL,0.0,1.0,0.0,0.0,,
LOCAL,0.0,1.0,0.0,0.0,,
LOCAL,0.0,0.7893387477489038,0.0,0.0,,
OUTSOURCE,0.7354644913643629,0.8004261820779088,218.26513713549042,170.36025987488304,Premium GPU Specialist_005,gpu_specialist
LOCAL,0.0,0.7893387477489038,0.0,0.0,,
LOCAL,0.0,1.0,0.0,0.0,,
LOCAL,0.0,1.0,0.0,0.0,,
LOCAL,0.0,1.0,0.0,0.0,,
OUTSOURCE,0.7394099603176768,0.8004261820779088,122.2369505415518,95.23804187777854,Premium GPU Specialist_005,gpu_specialist
LOCAL,0.0,0.7893387477489038,0.0,0.0,,
LOCAL,0.0,1.0,0.0,0.0,,
LOCAL,0.0,1.0,0.0,0.0,,
LOCAL,0.0,1.0,0.0,0.0,,
LOCAL,0.0,1.0,0.0,0.0,,
LOCAL,0.0,1.0,0.0,0.0,,
LOCAL,0.0,1.0,0.0,0.0,,
LOCAL,0.0,1.0,0.0,0.0,,
LOCAL,0.0,0.7893387477489038,0.0,0.0,,
LOCAL,0.0,0.7893387477489038,0.0,0.0,,
LOCAL,0.0,0.7893387477489038,0.0,0.0,,
LOCAL,0.0,1.0,0.0,0.0,,
LOCAL,0.0,1.0,0.0,0.0,,
LOCAL,0.0,1.0,0.0,0.0,,
LOCAL,0.0,0.7893387477489038,0.0,0.0,,
LOCAL,0.0,0.7893387477489038,0.0,0.0,,
LOCAL,0.0,1.0,0.0,0.0,,
LOCAL,0.0,1.0,0.0,0.0,,
LOCAL,0.0,1.0,0.0,0.0,,
LOCAL,0.0,1.0,0.0,0.0,,
OUTSOURCE,0.7416530863456225,0.8004261820779088,2.8031340104258433,178.9679894368351,Premium GPU Specialist_005,gpu_specialist
OUTSOURCE,0.7417296818601936,0.8004261820779088,92.542440925836,128.45524789901037,Premium GPU Specialist_005,gpu_specialist
LOCAL,0.0,1.0,0.0,0.0,,
OUTSOURCE,0.7419087626483161,0.8004261820779088,92.39710751023784,104.56029540296798,Premium GPU Specialist_005,gpu_specialist
LOCAL,0.0,0.7893387477489038,0.0,0.0,,
LOCAL,0.0,1.0,0.0,0.0,,
LOCAL,0.0,1.0,0.0,0.0,,
LOCAL,0.0,0.7893387477489038,0.0,0.0,,
LOCAL,0.0,1.0,0.0,0.0,,
LOCAL,0.0,0.7893387477489038,0.0,0.0,,
LOCAL,0.0,1.0,0.0,0.0,,
LOCAL,0.0,1.0,0.0,0.0,,
LOCAL,0.0,1.0,0.0,0.0,,
LOCAL,0.0,0.7893387477489038,0.0,0.0,,
LOCAL,0.0,0.7893387477489038,0.0,0.0,,
LOCAL,0.0,1.0,0.0,0.0,,
LOCAL,0.0,1.0,0.0,0.0,,
LOCAL,0.0,1.0,0.0,0.0,,
LOCAL,0.0,1.0,0.0,0.0,,
LOCAL,0.0,1.0,0.0,0.0,,
LOCAL,0.0,0.7893387477489038,0.0,0.0,,
LOCAL,0.0,1.0,0.0,0.0,,
OUTSOURCE,0.7419966775048116,0.8004261820779088,100.35875343534526,168.87741346652643,Premium GPU Specialist_005,gpu_specialist
OUTSOURCE,0.7418445757935204,0.8004261820779088,151.74131057236292,145.21494121276461,Premium GPU Specialist_005,gpu_specialist
LOCAL,0.0,1.0,0.0,0.0,,
LOCAL,0.0,1.0,0.0,0.0,,
OUTSOURCE,0.7415025806784477,0.8004261820779088,133.85284899148863,96.18336898100215,Premium GPU Specialist_005,gpu_specialist
LOCAL,0.0,1.0,0.0,0.0,,
LOCAL,0.0,1.0,0.0,0.0,,
LOCAL,0.0,0.7893387477489038,0.0,0.0,,
LOCAL,0.0,0.7893387477489038,0.0,0.0,,
LOCAL,0.0,1.0,0.0,0.0,,
LOCAL,0.0,0.7893387477489038,0.0,0.0,,
LOCAL,0.0,1.0,0.0,0.0,,
LOCAL,0.0,1.0,0.0,0.0,,
LOCAL,0.0,1.0,0.0,0.0,,
OUTSOURCE,0.7416765288083348,0.8004261820779088,75.18154514274167,188.290067551951,Premium GPU Specialist_005,gpu_specialist
LOCAL,0.0,1.0,0.0,0.0,,
LOCAL,0.0,1.0,0.0,0.0,,
LOCAL,0.0,0.7893387477489038,0.0,0.0,,
LOCAL,0.0,1.0,0.0,0.0,,
LOCAL,0.0,1.0,0.0,0.0,,
LOCAL,0.0,0.7893387477489038,0.0,0.0,,
LOCAL,0.0,0.7893387477489038,0.0,0.0,,
LOCAL,0.0,1.0,0.0,0.0,,
LOCAL,0.0,1.0,0.0,0.0,,
LOCAL,0.0,1.0,0.0,0.0,,
LOCAL,0.0,1.0,0.0,0.0,,
LOCAL,0.0,0.7893387477489038,0.0,0.0,,
LOCAL,0.0,1.0,0.0,0.0,,
LOCAL,0.0,0.7893387477489038,0.0,0.0,,
LOCAL,0.0,0.7893387477489038,0.0,0.0,,
LOCAL,0.0,1.0,0.0,0.0,,
LOCAL,0.0,1.0,0.0,0.0,,
LOCAL,0.0,1.0,0.0,0.0,,
LOCAL,0.0,1.0,0.0,0.0,,
LOCAL,0.0,0.7893387477489038,0.0,0.0,,
LOCAL,0.0,1.0,0.0,0.0,,
LOCAL,0.0,0.7893387477489038,0.0,0.0,,
LOCAL,0.0,1.0,0.0,0.0,,
LOCAL,0.0,1.0,0.0,0.0,,
LOCAL,0.0,0.7893387477489038,0.0,0.0,,
LOCAL,0.0,1.0,0.0,0.0,,
LOCAL,0.0,0.7893387477489038,0.0,0.0,,
LOCAL,0.0,1.0,0.0,0.0,,
LOCAL,0.0,0.7893387477489038,0.0,0.0,,
LOCAL,0.0,0.7893387477489038,0.0,0.0,,
OUTSOURCE,0.7401448348548528,0.8004261820779088,310.16068164534806,155.91044916355492,Premium GPU Specialist_005,gpu_specialist
LOCAL,0.0,1.0,0.0,0.0,,
LOCAL,0.0,1.0,0.0,0.0,,
LOCAL,0.0,1.0,0.0,0.0,,
LOCAL,0.0,1.0,0.0,0.0,,
OUTSOURCE,0.7418608105400061,0.8004261820779088,-11.682616952081851,65.47710732685334,Premium GPU Specialist_005,gpu_specialist
LOCAL,0.0,1.0,0.0,0.0,,
OUTSOURCE,0.7456461371434827,0.8004261820779088,15.165469137043196,127.96805586641855,Premium GPU Specialist_005,gpu_specialist
OUTSOURCE,0.7459837252241597,0.8004261820779088,152.62572496580077,80.48041587884762,Premium GPU Specialist_005,gpu_specialist
LOCAL,0.0,1.0,0.0,0.0,,
LOCAL,0.0,1.0,0.0,0.0,,
LOCAL,0.0,1.0,0.0,0.0,,
LOCAL,0.0,1.0,0.0,0.0,,
LOCAL,0.0,1.0,0.0,0.0,,
LOCAL,0.0,1.0,0.0,0.0,,
LOCAL,0.0,1.0,0.0,0.0,,
OUTSOURCE,0.732622504325603,0.8004261820779088,99.84143543250468,152.6418884230095,Premium GPU Specialist_005,gpu_specialist
LOCAL,0.0,1.0,0.0,0.0,,
OUTSOURCE,0.7336625654497753,0.8004261820779088,274.71095309171164,216.5117515670709,Premium GPU Specialist_005,gpu_specialist
OUTSOURCE,0.7328055959645455,0.8004261820779088,94.72809322952659,146.687694314384,Premium GPU Specialist_005,gpu_specialist
OUTSOURCE,0.7333251521294661,0.8004261820779088,456.27878792576746,220.20981650351914,Premium GPU Specialist_005,gpu_specialist
LOCAL,0.0,1.0,0.0,0.0,,
LOCAL,0.0,1.0,0.0,0.0,,
LOCAL,0.0,0.7893387477489038,0.0,0.0,,
LOCAL,0.0,0.7893387477489038,0.0,0.0,,
LOCAL,0.0,1.0,0.0,0.0,,
LOCAL,0.0,1.0,0.0,0.0,,
LOCAL,0.0,1.0,0.0,0.0,,
LOCAL,0.0,1.0,0.0,0.0,,
LOCAL,0.0,1.0,0.0,0.0,,
OUTSOURCE,0.747515092048316,0.8004261820779088,173.9386232679662,123.05983983067094,Premium GPU Specialist_005,gpu_specialist
LOCAL,0.0,0.7893387477489038,0.0,0.0,,
LOCAL,0.0,1.0,0.0,0.0,,
OUTSOURCE,0.7471559918289721,0.8004261820779088,-30.782361394089264,95.68950857106645,Premium GPU Specialist_005,gpu_specialist
LOCAL,0.0,0.7893387477489038,0.0,0.0,,
OUTSOURCE,0.7472926412383153,0.8004261820779088,181.89570870684278,123.65652200871187,Premium GPU Specialist_005,gpu_specialist
LOCAL,0.0,1.0,0.0,0.0,,
LOCAL,0.0,0.7893387477489038,0.0,0.0,,
LOCAL,0.0,1.0,0.0,0.0,,
OUTSOURCE,0.7473180749719324,0.8004261820779088,198.61813113959104,105.90744012242548,Premium GPU Specialist_005,gpu_specialist
LOCAL,0.0,1.0,0.0,0.0,,
LOCAL,0.0,1.0,0.0,0.0,,
LOCAL,0.0,1.0,0.0,0.0,,
LOCAL,0.0,0.7893387477489038,0.0,0.0,,
LOCAL,0.0,1.0,0.0,0.0,,
LOCAL,0.0,1.0,0.0,0.0,,
LOCAL,0.0,1.0,0.0,0.0,,
LOCAL,0.0,1.0,0.0,0.0,,
LOCAL,0.0,1.0,0.0,0.0,,
LOCAL,0.0,0.7893387477489038,0.0,0.0,,
LOCAL,0.0,0.7893387477489038,0.0,0.0,,
LOCAL,0.0,1.0,0.0,0.0,,
LOCAL,0.0,0.7893387477489038,0.0,0.0,,
LOCAL,0.0,0.7893387477489038,0.0,0.0,,
LOCAL,0.0,1.0,0.0,0.0,,
LOCAL,0.0,0.7893387477489038,0.0,0.0,,
OUTSOURCE,0.7476216548102127,0.8004261820779088,76.92555552489941,80.69604334146774,Premium GPU Specialist_005,gpu_specialist
LOCAL,0.0,1.0,0.0,0.0,,
OUTSOURCE,0.747560218690988,0.8004261820779088,92.30808510954998,114.62056808555782,Premium GPU Specialist_005,gpu_specialist
OUTSOURCE,0.7475202022003782,0.8004261820779088,396.8789922997682,206.0555758067657,Premium GPU Specialist_005,gpu_specialist
LOCAL,0.0,1.0,0.0,0.0,,
LOCAL,0.0,1.0,0.0,0.0,,
LOCAL,0.0,0.7893387477489038,0.0,0.0,,
LOCAL,0.0,1.0,0.0,0.0,,
LOCAL,0.0,1.0,0.0,0.0,,
LOCAL,0.0,0.7893387477489038,0.0,0.0,,
LOCAL,0.0,1.0,0.0,0.0,,
LOCAL,0.0,0.7893387477489038,0.0,0.0,,
LOCAL,0.0,0.7893387477489038,0.0,0.0,,
LOCAL,0.0,1.0,0.0,0.0,,
LOCAL,0.0,1.0,0.0,0.0,,
LOCAL,0.0,0.7893387477489038,0.0,0.0,,
LOCAL,0.0,0.7893387477489038,0.0,0.0,,
LOCAL,0.0,1.0,0.0,0.0,,
OUTSOURCE,0.7479486731831123,0.8004261820779088,194.64291376040364,150.32686753425864,Premium GPU Specialist_005,gpu_specialist
LOCAL,0.0,1.0,0.0,0.0,,
LOCAL,0.0,1.0,0.0,0.0,,
LOCAL,0.0,1.0,0.0,0.0,,
LOCAL,0.0,1.0,0.0,0.0,,
LOCAL,0.0,1.0,0.0,0.0,,
LOCAL,0.0,1.0,0.0,0.0,,
OUTSOURCE,0.7468761250080975,0.8004261820779088,120.28867521152569,88.92680769659374,Premium GPU Specialist_005,gpu_specialist
LOCAL,0.0,1.0,0.0,0.0,,
OUTSOURCE,0.7430963746808136,0.8004261820779088,62.68207814158167,102.45309738491476,Premium GPU Specialist_005,gpu_specialist
LOCAL,0.0,1.0,0.0,0.0,,
LOCAL,0.0,0.7893387477489038,0.0,0.0,,
LOCAL,0.0,0.7893387477489038,0.0,0.0,,
LOCAL,0.0,1.0,0.0,0.0,,
LOCAL,0.0,0.7893387477489038,0.0,0.0,,
OUTSOURCE,0.7460461081040463,0.8004261820779088,-5.066059293094369,224.11933827939296,Premium GPU Specialist_005,gpu_specialist
LOCAL,0.0,0.7893387477489038,0.0,0.0,,
LOCAL,0.0,0.7893387477489038,0.0,0.0,,
LOCAL,0.0,1.0,0.0,0.0,,
LOCAL,0.0,1.0,0.0,0.0,,
LOCAL,0.0,1.0,0.0,0.0,,
LOCAL,0.0,1.0,0.0,0.0,,
LOCAL,0.0,1.0,0.0,0.0,,
LOCAL,0.0,1.0,0.0,0.0,,
LOCAL,0.0,1.0,0.0,0.0,,
LOCAL,0.0,0.7893387477489038,0.0,0.0,,
LOCAL,0.0,0.7893387477489038,0.0,0.0,,
LOCAL,0.0,1.0,0.0,0.0,,
LOCAL,0.0,1.0,0.0,0.0,,
LOCAL,0.0,1.0,0.0,0.0,,
LOCAL,0.0,0.7893387477489038,0.0,0.0,,
LOCAL,0.0,1.0,0.0,0.0,,
LOCAL,0.0,0.7893387477489038,0.0,0.0,,
LOCAL,0.0,1.0,0.0,0.0,,
LOCAL,0.0,1.0,0.0,0.0,,
LOCAL,0.0,1.0,0.0,0.0,,
LOCAL,0.0,1.0,0.0,0.0,,
LOCAL,0.0,1.0,0.0,0.0,,
LOCAL,0.0,0.7893387477489038,0.0,0.0,,
LOCAL,0.0,1.0,0.0,0.0,,
LOCAL,0.0,1.0,0.0,0.0,,
LOCAL,0.0,1.0,0.0,0.0,,
LOCAL,0.0,1.0,0.0,0.0,,
LOCAL,0.0,1.0,0.0,0.0,,
LOCAL,0.0,1.0,0.0,0.0,,
LOCAL,0.0,1.0,0.0,0.0,,
LOCAL,0.0,0.7893387477489038,0.0,0.0,,
LOCAL,0.0,1.0,0.0,0.0,,
LOCAL,0.0,1.0,0.0,0.0,,
LOCAL,0.0,1.0,0.0,0.0,,
LOCAL,0.0,1.0,0.0,0.0,,
LOCAL,0.0,0.7893387477489038,0.0,0.0,,
LOCAL,0.0,1.0,0.0,0.0,,
LOCAL,0.0,1.0,0.0,0.0,,
LOCAL,0.0,0.7893387477489038,0.0,0.0,,
LOCAL,0.0,1.0,0.0,0.0,,
LOCAL,0.0,1.0,0.0,0.0,,
LOCAL,0.0,1.0,0.0,0.0,,
LOCAL,0.0,1.0,0.0,0.0,,
LOCAL,0.0,1.0,0.0,0.0,,
LOCAL,0.0,0.7893387477489038,0.0,0.0,,
LOCAL,0.0,0.7893387477489038,0.0,0.0,,
LOCAL,0.0,1.0,0.0,0.0,,
LOCAL,0.0,1.0,0.0,0.0,,
OUTSOURCE,0.7468551517247664,0.8004261820779088,143.6979118809623,132.10760992016702,Premium GPU Specialist_005,gpu_specialist
OUTSOURCE,0.7469682036117695,0.8004261820779088,143.77929392664896,88.77015549258844,Premium GPU Specialist_005,gpu_specialist
LOCAL,0.0,1.0,0.0,0.0,,
LOCAL,0.0,1.0,0.0,0.0,,
LOCAL,0.0,1.0,0.0,0.0,,
OUTSOURCE,0.7470462184143859,0.8004261820779088,422.29713984972204,242.96570178480937,Premium GPU Specialist_005,gpu_specialist
LOCAL,0.0,1.0,0.0,0.0,,
OUTSOURCE,0.7478937362048539,0.8004261820779088,110.23023060535074,164.44196729598613,Premium GPU Specialist_005,gpu_specialist
OUTSOURCE,0.7481025443182374,0.8004261820779088,111.12156649289918,82.94276316271421,Premium GPU Specialist_005,gpu_specialist
OUTSOURCE,0.7483856174689042,0.8004261820779088,220.04827310753015,180.48567726936994,Premium GPU Specialist_005,gpu_specialist
OUTSOURCE,0.7492818707343094,0.8004261820779088,44.669177863895015,215.13966737624472,Premium GPU Specialist_005,gpu_specialist
OUTSOURCE,0.7489227755727383,0.8004261820779088,357.9348714195934,192.45066377389614,Premium GPU Specialist_005,gpu_specialist
LOCAL,0.0,0.7893387477489038,0.0,0.0,,
LOCAL,0.0,0.7893387477489038,0.0,0.0,,
LOCAL,0.0,1.0,0.0,0.0,,
LOCAL,0.0,1.0,0.0,0.0,,
OUTSOURCE,0.7492987949915582,0.8004261820779088,359.04172389021994,235.5839167541289,Premium GPU Specialist_005,gpu_specialist
LOCAL,0.0,1.0,0.0,0.0,,
LOCAL,0.0,1.0,0.0,0.0,,
LOCAL,0.0,1.0,0.0,0.0,,
LOCAL,0.0,0.7893387477489038,0.0,0.0,,
LOCAL,0.0,1.0,0.0,0.0,,
LOCAL,0.0,1.0,0.0,0.0,,
OUTSOURCE,0.7487401060043669,0.8004261820779088,119.06449627458366,150.5419135646768,Premium GPU Specialist_005,gpu_specialist
LOCAL,0.0,0.7893387477489038,0.0,0.0,,
LOCAL,0.0,1.0,0.0,0.0,,
LOCAL,0.0,1.0,0.0,0.0,,
LOCAL,0.0,1.0,0.0,0.0,,
OUTSOURCE,0.7496602102471388,0.8004261820779088,360.37561047668754,187.46472115556816,Premium GPU Specialist_005,gpu_specialist
LOCAL,0.0,1.0,0.0,0.0,,
LOCAL,0.0,0.7893387477489038,0.0,0.0,,
OUTSOURCE,0.7499207275151806,0.8004261820779088,403.847224776648,197.6207895425164,Premium GPU Specialist_005,gpu_specialist
LOCAL,0.0,0.7893387477489038,0.0,0.0,,
LOCAL,0.0,1.0,0.0,0.0,,
LOCAL,0.0,1.0,0.0,0.0,,
LOCAL,0.0,0.7893387477489038,0.0,0.0,,
LOCAL,0.0,0.7893387477489038,0.0,0.0,,
LOCAL,0.0,0.7893387477489038,0.0,0.0,,
LOCAL,0.0,0.7893387477489038,0.0,0.0,,
LOCAL,0.0,1.0,0.0,0.0,,
LOCAL,0.0,1.0,0.0,0.0,,
LOCAL,0.0,1.0,0.0,0.0,,
LOCAL,0.0,1.0,0.0,0.0,,
LOCAL,0.0,1.0,0.0,0.0,,
LOCAL,0.0,0.7893387477489038,0.0,0.0,,
LOCAL,0.0,1.0,0.0,0.0,,
LOCAL,0.0,1.0,0.0,0.0,,
LOCAL,0.0,1.0,0.0,0.0,,
LOCAL,0.0,1.0,0.0,0.0,,
OUTSOURCE,0.7418250433577463,0.8004261820779088,-8.810375865695839,129.39183202807484,Premium GPU Specialist_005,gpu_specialist
OUTSOURCE,0.7419318642122902,0.8004261820779088,-21.012520248410336,100.42894337833003,Premium GPU Specialist_005,gpu_specialist
OUTSOURCE,0.7410546752856194,0.8004261820779088,-11.749855384689916,121.32716079266825,Premium GPU Specialist_005,gpu_specialist
LOCAL,0.0,0.7893387477489038,0.0,0.0,,
LOCAL,0.0,0.7893387477489038,0.0,0.0,,
LOCAL,0.0,1.0,0.0,0.0,,
LOCAL,0.0,1.0,0.0,0.0,,
LOCAL,0.0,1.0,0.0,0.0,,
LOCAL,0.0,1.0,0.0,0.0,,
LOCAL,0.0,1.0,0.0,0.0,,
LOCAL,0.0,0.7893387477489038,0.0,0.0,,
LOCAL,0.0,1.0,0.0,0.0,,
LOCAL,0.0,1.0,0.0,0.0,,
LOCAL,0.0,1.0,0.0,0.0,,
LOCAL,0.0,1.0,0.0,0.0,,
LOCAL,0.0,1.0,0.0,0.0,,
LOCAL,0.0,0.7893387477489038,0.0,0.0,,
LOCAL,0.0,0.7893387477489038,0.0,0.0,,
LOCAL,0.0,0.7893387477489038,0.0,0.0,,
OUTSOURCE,0.7471584073782807,0.8004261820779088,73.93012815036286,134.15594319313092,Premium GPU Specialist_005,gpu_specialist
LOCAL,0.0,1.0,0.0,0.0,,
LOCAL,0.0,1.0,0.0,0.0,,
LOCAL,0.0,1.0,0.0,0.0,,
OUTSOURCE,0.7459734239733256,0.8004261820779088,146.25865675447216,76.30340911163724,Premium GPU Specialist_005,gpu_specialist
LOCAL,0.0,1.0,0.0,0.0,,
LOCAL,0.0,1.0,0.0,0.0,,
OUTSOURCE,0.746157663847392,0.8004261820779088,15.751843567208375,175.45239054928186,Premium GPU Specialist_005,gpu_specialist
LOCAL,0.0,0.7893387477489038,0.0,0.0,,
LOCAL,0.0,0.7893387477489038,0.0,0.0,,
LOCAL,0.0,0.7893387477489038,0.0,0.0,,
LOCAL,0.0,1.0,0.0,0.0,,
LOCAL,0.0,1.0,0.0,0.0,,
LOCAL,0.0,1.0,0.0,0.0,,
OUTSOURCE,0.7457732427434517,0.8004261820779088,187.67245238366488,94.02188152798645,Premium GPU Specialist_005,gpu_specialist
LOCAL,0.0,1.0,0.0,0.0,,
LOCAL,0.0,1.0,0.0,0.0,,
LOCAL,0.0,0.7893387477489038,0.0,0.0,,
LOCAL,0.0,1.0,0.0,0.0,,
LOCAL,0.0,1.0,0.0,0.0,,
LOCAL,0.0,1.0,0.0,0.0,,
LOCAL,0.0,1.0,0.0,0.0,,
LOCAL,0.0,0.7893387477489038,0.0,0.0,,
LOCAL,0.0,1.0,0.0,0.0,,
LOCAL,0.0,1.0,0.0,0.0,,
LOCAL,0.0,1.0,0.0,0.0,,
LOCAL,0.0,1.0,0.0,0.0,,
LOCAL,0.0,0.7893387477489038,0.0,0.0,,
LOCAL,0.0,0.7893387477489038,0.0,0.0,,
LOCAL,0.0,1.0,0.0,0.0,,
LOCAL,0.0,0.7893387477489038,0.0,0.0,,
LOCAL,0.0,0.7893387477489038,0.0,0.0,,
LOCAL,0.0,1.0,0.0,0.0,,
LOCAL,0.0,1.0,0.0,0.0,,
LOCAL,0.0,0.7893387477489038,0.0,0.0,,
LOCAL,0.0,0.7893387477489038,0.0,0.0,,
LOCAL,0.0,1.0,0.0,0.0,,
LOCAL,0.0,1.0,0.0,0.0,,
LOCAL,0.0,1.0,0.0,0.0,,
LOCAL,0.0,0.7893387477489038,0.0,0.0,,
LOCAL,0.0,1.0,0.0,0.0,,
LOCAL,0.0,1.0,0.0,0.0,,
LOCAL,0.0,1.0,0.0,0.0,,
LOCAL,0.0,1.0,0.0,0.0,,
LOCAL,0.0,0.7893387477489038,0.0,0.0,,
LOCAL,0.0,0.7893387477489038,0.0,0.0,,
LOCAL,0.0,1.0,0.0,0.0,,
LOCAL,0.0,0.7893387477489038,0.0,0.0,,
LOCAL,0.0,1.0,0.0,0.0,,
LOCAL,0.0,1.0,0.0,0.0,,
LOCAL,0.0,1.0,0.0,0.0,,
LOCAL,0.0,1.0,0.0,0.0,,
OUTSOURCE,0.7447743494056401,0.8004261820779088,98.1394319711747,129.25535823501048,Premium GPU Specialist_005,gpu_specialist
OUTSOURCE,0.7442345055206958,0.8004261820779088,126.0958274656621,159.77914127206006,Premium GPU Specialist_005,gpu_specialist
OUTSOURCE,0.744228147704448,0.8004261820779088,12.336771775960415,81.15434838146045,Premium GPU Specialist_005,gpu_specialist
